Customer ID,Customer Name,,Year of Birth
CG-12520,Claire Gute,,1966
DV-13045,Darrin Van Huff,,1993
SO-20335,Sean O'Donnell,,1961
BH-11710,Brosina Hoffman,,1996
AA-10480,Andrew Allen,,1980
IM-15070,Irene Maddox,,1970
HP-14815,Harold Pawlan,,1965
PK-19075,Pete Kriz,,1972
AG-10270,Alejandro Grove,,1984
ZD-21925,Zuschuss Donatelli,,1968
KB-16585,Ken Black,,1995
SF-20065,Sandra Flanagan,,1972
EB-13870,Emily Burns,,1995
EH-13945,Eric Hoffmann,,1984
TB-21520,Tracy Blumstein,,1977
MA-17560,Matt Abelman,,1992
GH-14485,Gene Hale,,1995
SN-20710,Steve Nguyen,,1998
LC-16930,Linda Cazamias,,1995
RA-19885,Ruben Ausman,,1989
ES-14080,Erin Smith,,1998
ON-18715,Odella Nelson,,1961
PO-18865,Patrick O'Donnell,,1964
LH-16900,Lena Hernandez,,1995
DP-13000,Darren Powers,,1998
JM-15265,Janet Molinari,,1971
TB-21055,Ted Butterfield,,1984
KM-16720,Kunst Miller,,1975
PS-18970,Paul Stevenson,,1979
BS-11590,Brendan Sweed,,1985
KD-16270,Karen Daniels,,1994
HM-14980,Henry MacAllister,,1988
JE-15745,Joel Eaton,,2000
KB-16600,Ken Brennan,,1998
SC-20770,Stewart Carmichael,,1964
DN-13690,Duane Noonan,,1966
JC-16105,Julie Creighton,,1973
CS-12400,Christopher Schild,,1994
PG-18895,Paul Gonzalez,,1963
GM-14455,Gary Mitchum,,1992
JS-15685,Jim Sink,,1984
KB-16315,Karl Braun,,1962
RB-19705,Roger Barcio,,1964
PN-18775,Parhena Norris,,1962
KD-16345,Katherine Ducich,,1983
ER-13855,Elpida Rittenbach,,1990
RB-19465,Rick Bensley,,1980
GZ-14470,Gary Zandusky,,1995
LC-16870,Lena Cacioppo,,1968
JM-15250,Janet Martin,,1965
PA-19060,Pete Armstrong,,1967
CV-12805,Cynthia Voltz,,1989
CL-12565,Clay Ludtke,,1990
RC-19960,Ryan Crowe,,1980
DK-13090,Dave Kipp,,1984
GG-14650,Greg Guthrie,,1992
SC-20725,Steven Cartwright,,1962
AD-10180,Alan Dominguez,,1994
PF-19165,Philip Fox,,1967
TS-21610,Troy Staebel,,1999
LS-16975,Lindsay Shagiari,,1963
DW-13585,Dorothy Wardle,,1985
LC-16885,Lena Creighton,,1960
JD-15895,Jonathan Doherty,,1969
SH-19975,Sally Hughsby,,1969
SG-20080,Sandra Glassco,,1982
HA-14920,Helen Andreada,,1982
MG-17680,Maureen Gastineau,,1994
JE-16165,Justin Ellison,,1970
TW-21025,Tamara Willingham,,1990
SP-20650,Stephanie Phelps,,1962
NK-18490,Neil Knudson,,1988
DB-13060,Dave Brooks,,1973
NP-18670,Nora Paige,,1979
TT-21070,Ted Trevino,,1976
EM-13960,Eric Murdock,,1971
RD-19900,Ruben Dartt,,1960
MJ-17740,Max Jones,,1993
BM-11140,Becky Martin,,1977
CS-12130,Chad Sievert,,1981
JB-15400,Jennifer Braxton,,1974
SJ-20500,Shirley Jackson,,1982
JK-15640,Jim Kriz,,1978
DK-13150,David Kendrick,,1972
RM-19675,Robert Marley,,1976
SK-19990,Sally Knutson,,1976
FM-14290,Frank Merwin,,1963
AM-10360,Alice McCarthy,,1972
MP-17470,Mark Packer,,1985
MZ-17515,Mary Zewe,,1979
CB-12025,Cassandra Brandow,,1965
VM-21685,Valerie Mitchum,,1984
FH-14365,Fred Hopkins,,1975
MB-17305,Maria Bertelson,,1985
BS-11755,Bruce Stewart,,1998
LC-17140,Logan Currie,,1962
HK-14890,Heather Kirkland,,1971
LE-16810,Laurel Elliston,,1965
JH-15985,Joseph Holt,,1986
MS-17980,Michael Stewart,,1987
VW-21775,Victoria Wilson,,1981
JH-15910,Jonathan Howell,,1971
JB-15925,Joni Blumstein,,1975
DS-13180,David Smith,,1976
VD-21670,Valerie Dominguez,,1987
EA-14035,Erin Ashbrook,,1982
DB-13120,David Bremer,,1962
KL-16645,Ken Lonsdale,,1970
DW-13480,Dianna Wilson,,1971
LH-17155,Logan Haushalter,,1972
KC-16540,Kelly Collister,,1971
DL-13315,Delfina Latchford,,1985
DR-12880,Dan Reichenbach,,1990
CC-12670,Craig Carreira,,1986
Dl-13600,Dorris liebe,,1961
SB-20290,Sean Braxton,,1988
RC-19825,Roy Collins,,1967
AH-10210,Alan Hwang,,1960
CB-12535,Claudia Bergmann,,1999
CA-12310,Christine Abelman,,1982
KH-16690,Kristen Hastings,,1962
BB-10990,Barry Blumstein,,1997
AG-10495,Andrew Gjertsen,,1963
JO-15280,Jas O'Carroll,,1988
AH-10195,Alan Haines,,1997
NZ-18565,Nick Zandusky,,1962
KL-16555,Kelly Lampkin,,2000
AS-10225,Alan Schoenberger,,1998
CR-12625,Corey Roper,,1961
SH-20395,Shahid Hopkins,,1988
BP-11185,Ben Peterman,,1970
TS-21205,Thomas Seio,,1972
AG-10525,Andy Gerbode,,1993
SP-20860,Sung Pak,,1970
NM-18445,Nathan Mautz,,1976
FA-14230,Frank Atkinson,,1991
GK-14620,Grace Kelly,,1961
DJ-13510,Don Jones,,1983
PO-18850,Patrick O'Brill,,1966
JL-15850,John Lucas,,1980
DB-13615,Doug Bickford,,1968
AC-10420,Alyssa Crouse,,1992
CC-12550,Clay Cheatham,,1964
TD-20995,Tamara Dahlen,,1970
AB-10060,Adam Bellavance,,1981
JL-15505,Jeremy Lonsdale,,1971
VB-21745,Victoria Brennan,,1998
KW-16435,Katrina Willman,,1974
JD-16060,Julia Dunbar,,1991
MK-17905,Michael Kennedy,,1979
GT-14755,Guy Thornton,,1988
AG-10900,Arthur Gainer,,1970
MM-18280,Muhammed MacIntyre,,1971
AR-10405,Allen Rosenblatt,,1967
RA-19915,Russell Applegate,,1970
AS-10285,Alejandro Savely,,1985
LA-16780,Laura Armstrong,,1975
DO-13435,Denny Ordway,,1965
DK-13225,Dean Katz,,1985
NG-18430,Nathan Gelder,,1999
MV-18190,Mike Vittorini,,1992
JG-15115,Jack Garza,,1982
BP-11095,Bart Pistole,,1982
VP-21730,Victor Preis,,1999
SS-20140,Saphhira Shifley,,1991
AG-10675,Anna Gayman,,1995
LF-17185,Luke Foster,,1962
RF-19840,Roy Französisch,,1965
KH-16510,Keith Herrera,,1980
KC-16675,Kimberly Carter,,1982
CJ-12010,Caroline Jumper,,1993
PB-19150,Philip Brown,,1966
MP-17965,Michael Paige,,1963
NF-18385,Natalie Fritzler,,2000
SD-20485,Shirley Daniels,,1997
KH-16630,Ken Heidel,,1989
RB-19795,Ross Baird,,1996
MK-18160,Mike Kennedy,,1995
PO-19180,Philisse Overcash,,1971
BB-11545,Brenda Bowman,,1970
TB-21595,Troy Blackwell,,1977
RB-19360,Raymond Buch,,1987
EB-13705,Ed Braxton,,1960
SC-20095,Sanjit Chand,,1999
TN-21040,Tanja Norvell,,1961
JS-15940,Joni Sundaresam,,1964
MH-17785,Maya Herman,,1985
JP-15520,Jeremy Pistek,,1969
JE-15475,Jeremy Ellison,,1977
JG-15805,John Grady,,1983
XP-21865,Xylona Preis,,1994
EM-14065,Erin Mull,,1980
MT-18070,Michelle Tran,,1989
SA-20830,Sue Ann Reed,,1970
CW-11905,Carl Weiss,,1993
AJ-10960,Astrea Jones,,1976
SS-20590,Sonia Sunley,,1974
RO-19780,Rose O'Brian,,1993
MD-17350,Maribeth Dona,,1978
MY-17380,Maribeth Yedwab,,1968
CM-12385,Christopher Martinez,,1964
LS-17245,Lynn Smith,,1989
BN-11515,Bradley Nguyen,,1992
DB-13210,Dean Braden,,1993
MC-17605,Matt Connell,,1962
BD-11605,Brian Dahlen,,1981
PH-18790,Patricia Hirasaki,,1973
MG-18145,Mike Gockenbach,,1993
KB-16240,Karen Bern,,1998
JC-15340,Jasper Cacioppo,,1984
RL-19615,Rob Lucas,,1993
AA-10375,Allen Armold,,1988
EP-13915,Emily Phan,,1964
DK-12985,Darren Koutras,,1988
BD-11500,Bradley Drucker,,1978
LM-17065,Liz MacKendrick,,1976
AS-10135,Adrian Shami,,1995
BD-11320,Bill Donatelli,,1988
GT-14710,Greg Tran,,1987
AJ-10945,Ashley Jarboe,,1973
OT-18730,Olvera Toch,,1998
LP-17080,Liz Pelletier,,1977
CA-12775,Cynthia Arntzen,,1964
JF-15490,Jeremy Farry,,1986
FP-14320,Frank Preis,,1999
EB-13840,Ellis Ballard,,1983
JF-15415,Jennifer Ferguson,,1998
SF-20200,Sarah Foster,,1986
TG-21640,Trudy Glocke,,1973
CS-11950,Carlos Soltero,,1985
CC-12145,Charles Crestani,,1990
DV-13465,Dianna Vittorini,,1985
BD-11725,Bruce Degenhardt,,1998
ZC-21910,Zuschuss Carroll,,1962
MS-17830,Melanie Seite,,1984
LR-16915,Lena Radford,,1963
TP-21130,Theone Pippenger,,1983
CK-12205,Chloris Kastensmidt,,1977
AS-10240,Alan Shonely,,1989
AR-10510,Andrew Roberts,,1968
NB-18655,Nona Balk,,1984
GD-14590,Giulietta Dortch,,1971
CK-12595,Clytie Kelty,,1995
NG-18355,Nat Gilpin,,1973
CA-12265,Christina Anderson,,1981
SF-20965,Sylvia Foulston,,1978
MO-17800,Meg O'Connel,,1970
AT-10735,Annie Thurman,,1993
FM-14380,Fred McMath,,1962
DJ-13420,Denny Joy,,1971
ME-17725,Max Engle,,1983
JD-16150,Justin Deggeller,,1985
JL-15835,John Lee,,1960
SC-20305,Sean Christensen,,1993
CC-12430,Chuck Clark,,1971
AR-10825,Anthony Rawles,,1984
SR-20740,Steven Roelle,,1972
CR-12730,Craig Reiter,,1966
EH-14125,Eugene Hildebrand,,1971
SP-20545,Sibella Parks,,1980
TH-21235,Tiffany House,,1998
RP-19390,Resi Pölking,,1994
RB-19570,Rob Beeghly,,1968
CD-11980,Carol Darley,,1966
DJ-13630,Doug Jacobs,,1967
GT-14635,Grant Thornton,,1973
MC-17845,Michael Chen,,1987
RA-19285,Ralph Arnett,,1981
NP-18325,Naresj Patel,,1978
AB-10165,Alan Barnes,,1996
JO-15550,Jesus Ocampo,,1968
JK-15370,Jay Kimmel,,1974
BN-11470,Brad Norvell,,1997
DP-13165,David Philippe,,1992
TH-21550,Tracy Hopkins,,1985
AP-10915,Arthur Prichep,,1996
RS-19765,Roland Schwarz,,1978
SV-20365,Seth Vernon,,1999
CK-12325,Christine Kargatis,,1980
RD-19810,Ross DeVincentis,,1960
MR-17545,Mathew Reese,,1993
SC-20695,Steve Chapman,,1969
JF-15355,Jay Fein,,1976
EG-13900,Emily Grady,,1961
DS-13030,Darrin Sayre,,1994
PO-19195,Phillina Ober,,1988
SS-20875,Sung Shariari,,1997
PB-19105,Peter Bühler,,1986
RF-19735,Roland Fjeld,,1979
YC-21895,Yoseph Carroll,,1996
DC-13285,Debra Catini,,1978
CP-12340,Christine Phan,,1985
BF-11020,Barry Französisch,,1969
LH-17020,Lisa Hazard,,1988
CS-12250,Chris Selesnick,,1966
AJ-10795,Anthony Johnson,,1991
BV-11245,Benjamin Venier,,1964
DL-12865,Dan Lawera,,1979
BM-11785,Bryan Mills,,1970
LT-17110,Liz Thompson,,1962
JK-15730,Joe Kamberova,,1963
ES-14020,Erica Smith,,1982
RH-19495,Rick Hansen,,1992
CD-11920,Carlos Daly,,1987
HW-14935,Helen Wasserman,,1988
MC-18130,Mike Caudle,,1978
GM-14440,Gary McGarr,,1963
PJ-19015,Pauline Johnson,,1970
BW-11110,Bart Watters,,1983
TR-21325,Toby Ritter,,1971
PG-18820,Patrick Gardner,,1976
JL-15175,James Lanier,,1985
BM-11650,Brian Moss,,1965
EM-14095,Eudokia Martin,,1968
AF-10885,Art Foster,,1965
GA-14725,Guy Armstrong,,1993
CK-12760,Cyma Kinney,,1961
DP-13105,Dave Poirier,,1995
BK-11260,Berenike Kampe,,1966
SJ-20125,Sanjit Jacobs,,1961
CM-12445,Chuck Magee,,1965
AJ-10780,Anthony Jacobs,,1984
LS-16945,Linda Southworth,,1990
GP-14740,Guy Phonely,,1973
PK-18910,Paul Knutson,,1977
SM-20005,Sally Matthias,,1973
AG-10765,Anthony Garverick,,1996
PM-19135,Peter McVee,,1998
LL-16840,Lauren Leatherbury,,2000
JS-15595,Jill Stevenson,,1984
EL-13735,Ed Ludwig,,1970
PC-18745,Pamela Coakley,,1993
HL-15040,Hunter Lopez,,1995
MS-17365,Maribeth Schnelling,,1997
GB-14530,George Bell,,1997
JR-16210,Justin Ritter,,1965
BE-11335,Bill Eplett,,1984
SC-20050,Sample Company A,,1975
RW-19630,Rob Williams,,1978
SE-20110,Sanjit Engle,,1960
AH-10075,Adam Hart,,1980
JM-15535,Jessica Myrick,,1966
JJ-15760,Joel Jenkins,,1970
RK-19300,Ralph Kennedy,,1964
CG-12040,Catherine Glotzbach,,1986
RP-19270,Rachel Payne,,1994
KC-16255,Karen Carlisle,,1977
KH-16360,Katherine Hughes,,1987
GH-14665,Greg Hansen,,1990
SW-20275,Scott Williamson,,1991
JA-15970,Joseph Airdo,,1961
DL-12925,Daniel Lacy,,1962
LW-16990,Lindsay Williams,,1996
TB-21190,Thomas Brumley,,2000
BS-11800,Bryan Spruell,,1994
RW-19690,Robert Waldorf,,1979
TZ-21580,Tracy Zic,,1999
AS-10630,Ann Steele,,1968
TS-21340,Toby Swindell,,1985
SL-20155,Sara Luxemburg,,1989
MW-18235,Mitch Willingham,,1995
RD-19585,Rob Dowd,,1998
RA-19945,Ryan Akin,,1984
MT-17815,Meg Tillman,,1971
VG-21790,Vivek Gonzalez,,1982
JS-15880,John Stevenson,,1973
KM-16225,Kalyca Meade,,1973
HR-14770,Hallie Redmond,,1993
DE-13255,Deanra Eno,,1975
AG-10390,Allen Goldenen,,1977
JJ-15445,Jennifer Jackson,,1998
JH-15430,Jennifer Halladay,,1972
RD-19660,Robert Dilbeck,,1994
MO-17500,Mary O'Rourke,,1979
NS-18640,Noel Staavos,,1977
DG-13300,Deirdre Greer,,1960
NF-18595,Nicole Fjeld,,1996
MG-17650,Matthew Grinstein,,1998
TS-21160,Theresa Swint,,1975
BD-11620,Brian DeCherney,,1978
CM-12160,Charles McCrossin,,1965
SN-20560,Skye Norling,,1995
EH-14005,Erica Hernandez,,1972
FO-14305,Frank Olsen,,1987
MS-17710,Maurice Satty,,1974
CC-12100,Chad Cunningham,,1972
DW-13540,Don Weiss,,1981
BT-11395,Bill Tyler,,1973
CY-12745,Craig Yedwab,,1967
BT-11485,Brad Thomas,,1975
PS-19045,Penelope Sewall,,1966
PV-18985,Paul Van Hugh,,1997
NM-18520,Neoma Murray,,1975
DL-13495,Dionis Lloyd,,2000
CS-12355,Christine Sundaresam,,1980
FH-14275,Frank Hawley,,1969
NC-18340,Nat Carroll,,1997
AA-10315,Alex Avila,,1987
LT-16765,Larry Tron,,1997
AP-10720,Anne Pryor,,1980
PM-18940,Paul MacIntyre,,1962
AT-10435,Alyssa Tate,,1976
CA-12055,Cathy Armstrong,,1964
HR-14830,Harold Ryan,,1960
BT-11530,Bradley Talbott,,1963
LH-16750,Larry Hughes,,1976
SW-20755,Steven Ward,,1995
SP-20620,Stefania Perrino,,1999
BF-11170,Ben Ferrer,,1992
KT-16480,Kean Thornton,,1994
BG-11695,Brooke Gillingham,,1995
GM-14680,Greg Matthias,,1963
EJ-14155,Eva Jacobs,,1972
NP-18700,Nora Preis,,1989
MH-18115,Mick Hernandez,,1961
JR-15700,Jocasta Rupert,,1970
SM-20950,Suzanne McNair,,1996
CC-12220,Chris Cortes,,1992
PF-19225,Phillip Flathmann,,1979
DC-12850,Dan Campbell,,1987
BD-11770,Bryan Davis,,1987
GM-14500,Gene McClure,,1961
TB-21355,Todd Boyes,,1965
JH-16180,Justin Hirsh,,1969
EB-13975,Erica Bern,,1967
QJ-19255,Quincy Jones,,1998
TC-21535,Tracy Collins,,1990
CS-12460,Chuck Sachs,,1967
HG-14965,Henry Goldwyn,,1997
LW-16825,Laurel Workman,,1988
MC-17575,Matt Collins,,1999
LP-17095,Liz Preis,,1976
EB-14170,Evan Bailliet,,1995
GZ-14545,George Zrebassa,,1997
CP-12085,Cathy Prescott,,1960
FG-14260,Frank Gastineau,,1982
LD-17005,Lisa DeCherney,,1976
AB-10255,Alejandro Ballentine,,1989
MN-17935,Michael Nguyen,,1968
JR-15670,Jim Radford,,1971
JF-15190,Jamie Frazer,,1997
CM-12115,Chad McGuire,,1978
AS-10045,Aaron Smayling,,1980
BP-11290,Beth Paige,,1971
ND-18370,Natalie DeCherney,,1980
LB-16735,Larry Blacks,,1980
KT-16465,Kean Takahito,,1978
HM-14860,Harry Marie,,1974
AB-10600,Ann Blume,,1999
SZ-20035,Sam Zeldin,,1982
MG-17890,Michael Granlund,,1984
JK-16120,Julie Kriz,,1997
PP-18955,Paul Prost,,1988
YS-21880,Yana Sorensen,,1989
KM-16375,Katherine Murray,,1971
AB-10105,Adrian Barton,,1994
HA-14905,Helen Abelman,,1965
BT-11305,Beth Thompson,,1960
SV-20815,Stuart Van,,1975
RW-19540,Rick Wilson,,1999
DK-12835,Damala Kotsonis,,1996
ST-20530,Shui Tom,,1988
MM-17920,Michael Moore,,1994
PW-19030,Pauline Webber,,1979
SC-20440,Shaun Chance,,1964
TS-21085,Thais Sissman,,1966
MC-17425,Mark Cousins,,1987
ME-17320,Maria Etezadi,,1993
NH-18610,Nicole Hansen,,1986
MB-18085,Mick Brown,,1961
KD-16495,Keith Dawkins,,1981
KN-16390,Katherine Nockton,,1967
NP-18685,Nora Pelletier,,1992
CS-12505,Cindy Stewart,,1991
MS-17770,Maxwell Schwartz,,1971
CM-12655,Corinna Mitchell,,2000
Co-12640,Corey-Lock,,1972
TS-21370,Todd Sumrall,,2000
JW-15220,Jane Waco,,1995
JD-15790,John Dryer,,1971
PC-19000,Pauline Chand,,1960
AR-10540,Andy Reiter,,1982
AI-10855,Arianne Irving,,1961
TB-21400,Tom Boeckenhauer,,1970
PL-18925,Paul Lucas,,1964
GH-14425,Gary Hwang,,1995
MP-18175,Mike Pelletier,,1984
JM-15655,Jim Mitchum,,1968
CL-11890,Carl Ludwig,,1985
DB-13270,Deborah Brumfield,,1978
IG-15085,Ivan Gibson,,1999
BO-11425,Bobby Odegard,,1966
AB-10150,Aimee Bixby,,1984
JW-16075,Julia West,,1999
EB-13750,Edward Becker,,1975
SG-20470,Sheri Gordon,,1982
CM-12190,Charlotte Melton,,1991
AW-10840,Anthony Witt,,1991
MC-18100,Mick Crebagga,,1979
TT-21460,Tonja Turnell,,1984
VG-21805,Vivek Grady,,1990
MY-18295,Muhammed Yedwab,,1972
RD-19480,Rick Duston,,1965
DP-13390,Dennis Pardue,,1969
ML-17395,Marina Lichtenstein,,1979
JC-15385,Jenna Caffey,,1979
JG-15160,James Galang,,1982
MC-17275,Marc Crier,,1984
NW-18400,Natalie Webber,,2000
TB-21280,Toby Braunhardt,,1968
BS-11380,Bill Stewart,,1973
HH-15010,Hilary Holden,,1979
CD-12280,Christina DeMoss,,1977
TH-21100,Thea Hendricks,,1976
MM-18055,Michelle Moray,,1969
NS-18505,Neola Schneider,,1967
RB-19645,Robert Barroso,,1995
SW-20455,Shaun Weien,,1967
EB-13930,Eric Barreto,,1969
PS-18760,Pamela Stobb,,1992
HF-14995,Herbert Flentye,,1990
HZ-14950,Henia Zydlo,,1985
CD-12790,Cynthia Delaney,,1966
JK-15205,Jamie Kunitz,,1972
FM-14215,Filia McAdams,,1964
ED-13885,Emily Ducich,,1983
DA-13450,Dianna Arnett,,1984
JW-15955,Joni Wasserman,,1965
RM-19375,Raymond Messe,,1985
ML-17755,Max Ludwig,,1960
CC-12685,Craig Carroll,,1993
JE-15610,Jim Epp,,1984
RP-19855,Roy Phan,,1976
TB-21175,Thomas Boland,,1976
BE-11455,Brad Eason,,1985
JF-15565,Jill Fjeld,,1964
PB-19210,Phillip Breyer,,1992
BT-11680,Brian Thompson,,1999
JL-15235,Janet Lee,,1988
CH-12070,Cathy Hwang,,1989
ND-18460,Neil Ducich,,1965
BF-10975,Barbara Fisher,,1986
KH-16330,Katharine Harms,,1962
GW-14605,Giulietta Weimer,,1963
NC-18625,Noah Childs,,1977
ME-18010,Michelle Ellison,,1963
BP-11230,Benjamin Patterson,,1979
JC-15775,John Castell,,1971
AS-10090,Adam Shillingsburg,,1971
AC-10450,Amy Cox,,1964
MD-17860,Michael Dominguez,,1974
DB-13660,Duane Benoit,,1967
EH-13990,Erica Hackney,,1964
EH-13765,Edward Hooks,,1991
SC-20230,Scot Coram,,1960
JE-15715,Joe Elijah,,1980
AC-10615,Ann Chong,,1970
JD-16015,Joy Daniels,,1978
CB-12415,Christy Brittain,,2000
JS-16030,Joy Smith,,1976
LW-17215,Luke Weiss,,1994
SC-20800,Stuart Calhoun,,1997
AM-10705,Anne McFarland,,2000
RH-19510,Rick Huthwaite,,1966
CT-11995,Carol Triggs,,1989
MC-17590,Matt Collister,,1985
CC-12610,Corey Catlett,,1998
KA-16525,Kelly Andreada,,1970
TC-20980,Tamara Chand,,1995
BF-11080,Bart Folk,,1986
MM-17260,Magdelene Morse,,1974
AH-10120,Adrian Hane,,1977
BW-11200,Ben Wallace,,1974
SW-20245,Scot Wooten,,1981
BS-11665,Brian Stugart,,1992
RF-19345,Randy Ferguson,,1975
WB-21850,William Brown,,1983
TB-21625,Trudy Brown,,1990
AF-10870,Art Ferguson,,1963
RB-19435,Richard Bierner,,1970
KF-16285,Karen Ferguson,,1985
JH-15820,John Huston,,1992
IL-15100,Ivan Liston,,1990
PB-18805,Patrick Bzostek,,1999
RH-19600,Rob Haberlin,,1963
AW-10930,Arthur Wiediger,,1997
ML-17410,Maris LaWare,,1968
DB-13555,Dorothy Badders,,1969
MH-17620,Matt Hagelstein,,1963
DK-13375,Dennis Kane,,1962
BT-11440,Bobby Trafton,,1972
DB-13405,Denny Blanton,,1960
TG-21310,Toby Gnade,,1965
BF-11005,Barry Franz,,1981
JM-16195,Justin MacKendrick,,1972
MZ-17335,Maria Zettner,,1988
MW-18220,Mitch Webber,,1998
MV-17485,Mark Van Huff,,1991
SM-20320,Sean Miller,,1963
TP-21415,Tom Prescott,,1973
JK-15625,Jim Karlsson,,1986
PJ-18835,Patrick Jones,,1988
RS-19420,Ricardo Sperren,,1993
SV-20935,Susan Vittorini,,1967
BC-11125,Becky Castell,,1988
EM-13825,Elizabeth Moffitt,,1970
BM-11575,Brendan Murry,,1996
KN-16705,Kristina Nunn,,1984
KW-16570,Kelly Williams,,1961
SC-20260,Scott Cohen,,1978
CV-12295,Christina VanderZanden,,1980
SG-20605,Speros Goranitis,,1984
TM-21010,Tamara Manning,,1981
EM-13810,Eleni McCrary,,1974
ML-18040,Michelle Lonsdale,,1997
CR-12580,Clay Rozendal,,1962
AZ-10750,Annie Zypern,,1965
PW-19240,Pierre Wener,,1998
SC-20380,Shahid Collister,,1960
CM-11935,Carlos Meador,,1970
GM-14695,Greg Maxwell,,1985
TB-21250,Tim Brockman,,1965
JM-15865,John Murray,,1991
SC-20575,Sonia Cooley,,1980
LS-17200,Luke Schmidt,,1995
RR-19315,Ralph Ritter,,1978
DB-12910,Daniel Byrd,,1992
TT-21220,Thomas Thornton,,1979
LO-17170,Lori Olson,,1989
KD-16615,Ken Dana,,1971
NB-18580,Nicole Brennan,,1984
BD-11635,Brian Derr,,2000
CM-12235,Chris McAfee,,1996
EN-13780,Edward Nazzal,,1963
KN-16450,Kean Nguyen,,1994
BO-11350,Bill Overfelt,,1986
AG-10300,Aleksandra Gannaway,,1995
MC-17635,Matthew Clasen,,1993
TA-21385,Tom Ashbrook,,1987
JF-15295,Jason Fortune-,,1971
TT-21265,Tim Taslimi,,1974
SB-20170,Sarah Bern,,1961
CL-12700,Craig Leslie,,1985
HG-15025,Hunter Glantz,,1997
NL-18310,Nancy Lomonaco,,1960
RR-19525,Rick Reed,,1975
TC-21295,Toby Carlisle,,1992
SV-20785,Stewart Visinsky,,1980
BE-11410,Bobby Elias,,1980
SC-20680,Steve Carroll,,1997
DF-13135,David Flashing,,1974
FH-14350,Fred Harton,,1984
MS-17530,MaryBeth Skach,,1978
RH-19555,Ritsa Hightower,,1983
GA-14515,George Ashbrook,,1992
JP-16135,Julie Prescott,,1992
Dp-13240,Dean percer,,1998
MO-17950,Michael Oakman,,1997
DL-13330,Denise Leinenbach,,1984
MH-18025,Michelle Huthwaite,,1973
DR-12940,Daniel Raglin,,1965
DM-13015,Darrin Martin,,1965
CA-11965,Carol Adams,,1977
AC-10660,Anna Chung,,1964
DM-13345,Denise Monton,,1964
VF-21715,Vicky Freymann,,1973
CC-12370,Christopher Conant,,1992
BF-11275,Beth Fritzler,,1989
HG-14845,Harry Greene,,1987
BP-11155,Becky Pak,,1978
EM-14140,Eugene Moren,,1985
MA-17995,Michelle Arnett,,1999
AY-10555,Andy Yotov,,1995
GB-14575,Giulietta Baptist,,1978
JB-16045,Julia Barnett,,1972
MG-17875,Michael Grace,,1962
SR-20425,Sharelle Roach,,1987
JB-16000,Joy Bell-,,1976
DM-12955,Dario Medina,,1984
TC-21475,Tony Chapman,,1960
SW-20350,Sean Wendt,,1983
RE-19450,Richard Eichhorn,,1983
BF-11215,Benjamin Farhat,,1974
KB-16405,Katrina Bavinger,,1983
JG-15310,Jason Gross,,1967
EC-14050,Erin Creighton,,1978
EB-14110,Eugene Barchas,,1996
JP-15460,Jennifer Patt,,1987
CS-11845,Cari Sayre,,1976
GH-14410,Gary Hansen,,1997
PT-19090,Pete Takahito,,1961
JL-15130,Jack Lebron,,1984
AH-10030,Aaron Hawkins,,1991
CC-12475,Cindy Chapman,,1971
DW-13195,David Wiener,,1967
SJ-20215,Sarah Jordon,,1993
BG-11740,Bruce Geld,,1977
LB-16795,Laurel Beltran,,1974
CM-11815,Candace McMahon,,1985
EH-14185,Evan Henry,,1967
TS-21505,Tony Sayre,,1995
PR-18880,Patrick Ryan,,1972
LC-17050,Liz Carlisle,,1994
CS-12490,Cindy Schnelling,,1993
DH-13075,Dave Hallsten,,1964
JO-15145,Jack O'Briant,,1972
AH-10690,Anna Häberlin,,1998
HJ-14875,Heather Jas,,1970
MH-17455,Mark Hamilton,,1964
RD-19930,Russell D'Ascenzo,,2000
SC-20020,Sam Craven,,1977
SU-20665,Stephanie Ulpright,,1964
FC-14335,Fred Chung,,1979
RB-19330,Randy Bradley,,1994
NC-18535,Nick Crebassa,,1961
DB-12970,Darren Budd,,1991
MF-17665,Maureen Fritzler,,1965
RM-19750,Roland Murray,,1979
VM-21835,Vivian Mathis,,1980
EJ-13720,Ed Jacobs,,1985
NC-18415,Nathan Cano,,1981
LS-17230,Lycoris Saunders,,1974
KE-16420,Katrina Edelman,,1984
DH-13675,Duane Huffman,,1981
PF-19120,Peter Fuller,,1983
VT-21700,Valerie Takahito,,1966
MG-17695,Maureen Gnade,,1962
SP-20920,Susan Pistek,,1997
CS-12175,Charles Sheldon,,1977
DK-12895,Dana Kaydos,,1979
KM-16660,Khloe Miller,,1997
AA-10645,Anna Andreadi,,1964
DD-13570,Dorothy Dickinson,,1980
AH-10465,Amy Hunt,,1983
TP-21565,Tracy Poddar,,1966
EK-13795,Eileen Kiefer,,1993
CR-12820,Cyra Reiten,,1996
SG-20890,Susan Gilcrest,,1964
AH-10585,Angele Hood,,1979
NF-18475,Neil Französisch,,1968
BS-11365,Bill Shonely,,1988
SH-20635,Stefanie Holloman,,1989
RD-19720,Roger Demir,,1999
AG-10330,Alex Grayson,,1979
GR-14560,Georgia Rosenberg,,1963
VS-21820,Vivek Sundaresam,,1981
TM-21490,Tony Molinari,,1963
TS-21430,Tom Stivers,,1979
DB-13360,Dennis Bolton,,1963
NR-18550,Nick Radford,,1980
CS-11860,Cari Schnelling,,1981
MF-18250,Monica Federle,,1967
LW-17125,Liz Willingham,,1986
AR-10345,Alex Russell,,1998
KS-16300,Karen Seio,,1981
AB-10015,Aaron Bergman,,2000
LR-17035,Lisa Ryan,,1966
SS-20410,Shahid Shariari,,2000
JM-15580,Jill Matthias,,1985
JK-15325,Jason Klamczynski,,1980
DM-13525,Don Miller,,1975
ML-18265,Muhammed Lee,,1998
MH-17290,Marc Harrigan,,1990
FC-14245,Frank Carlisle,,1990
TH-21115,Thea Hudgings,,1986
JK-16090,Juliana Krohn,,1979
SB-20185,Sarah Brown,,1998
BG-11035,Barry Gonzalez,,1979
BW-11065,Barry Weirich,,1973
MG-18205,Mitch Gastineau,,1995
DO-13645,Doug O'Connell,,2000
BP-11050,Barry Pond,,1970
TS-21655,Trudy Schmidt,,1968
EM-14200,Evan Minnotte,,2000
AO-10810,Anthony O'Donnell,,1987
MH-17440,Mark Haberlin,,1970
SS-20515,Shirley Schmidt,,1994
LD-16855,Lela Donovan,,1976
VP-21760,Victoria Pisteka,,1976
TC-21145,Theresa Coyne,,1992
IM-15055,Ionia McGrath,,1993
AR-10570,Anemone Ratner,,1985
CM-12715,Craig Molinari,,1988
FW-14395,Fred Wasserman,,1968
LC-16960,Lindsay Castell,,1971
HE-14800,Harold Engle,,1990
BD-11560,Brendan Dodson,,1964
HD-14785,Harold Dahlen,,1971
CJ-11875,Carl Jackson,,1994
RS-19870,Roy Skaria,,1969
SC-20845,Sung Chung,,1964
RE-19405,Ricardo Emerson,,1982
SM-20905,Susan MacKendrick,,1966
